{
  "dc6a479d01ee6c2be6b4e4158dd0860091d882e1.PNG": {
    "title": "Unbenannt.PNG",
    "description": "module1",
    "tags": []
  },
  "02114341cfcff0e4425a8f714132039872a782bc.PNG": {
    "title": "Unbenannt2.PNG",
    "description": "Unbenannt2",
    "tags": []
  },
  "051a007701ae51921e2e5eec19dfefd595acc238.mp3": {
    "title": "file_example_MP3_1MG.mp3",
    "description": "file_example_MP3_1MG",
    "tags": []
  },
  "dc98c0cd357de7383d2ef76e8ff827cb2c4b8abb.PNG": {
    "title": "Unbenannt3.PNG",
    "description": "Unbenannt3",
    "tags": []
  },
  "d38558aabdb37ed5b5949d0259398df54b643178.jpg": {
    "title": "hueber-logo.jpg",
    "description": "hueber-logo",
    "tags": []
  },
  "2d37659c4d2504d908ce9ebc69493e309bd3f2b5.png": {
    "title": "sixangle.png",
    "description": "sixangle.png",
    "tags": []
  },
  "7c745a1599b50312614cabcf83d13bfd55272bc3.svg": {
    "title": "hueberdesplashsignet.svg",
    "description": "hueberdesplashsignet",
    "tags": []
  },
  "53df0e12ce746af7f5c58fac36a014ee1a58d341.png": {
    "title": "Fotos 2020-05-13 10.46.35.png",
    "description": "asf",
    "tags": []
  },
  "c2d52e30fda5ef9e535ec5cd1f24dd66e93eeeda.png": {
    "title": "eigene-homepage.png",
    "description": "eigene-homepage",
    "tags": []
  },
  "5c5a07267317b166a218e5edb7667ccd2b5351be.mp4": {
    "title": "small.mp4",
    "description": "small.mp4",
    "tags": []
  },
  "6acb5efb256aaac0b38ab7c9db38e92dd02a92b0.png": {
    "title": "Ebene 9.png",
    "description": "Ebene 9.png",
    "tags": []
  },
  "adc7e0f219734bc46e06f1d8763bc592796b2a19.png": {
    "title": "Ebene 10.png",
    "description": "Ebene 10",
    "tags": []
  },
  "4a4ab6935dde887fb26a54ba72e8be91f294aaf1.jpg": {
    "title": "WalterHyll_(c)AlexanderMueller.jpg",
    "description": "WalterHyll_(c)AlexanderMueller.jpg",
    "tags": []
  },
  "0b95560ed0194fff51e7ef86147ef479e8547a5e.png": {
    "title": "correct_gray.png",
    "description": "correct_gray.png",
    "tags": []
  },
  "734b14c4b056a493c24b8a9e4bdaabab974781d6.png": {
    "title": "correct_yellow.png",
    "description": "correct_yellow",
    "tags": []
  }
}